ID1,ID2,Directed
BXMT,UEL,0
UEL,HoBanNguyet,0
BXMT,HoBanNguyet,0
UAH,NhaThoDucBa,0
SGU,BuiVien,0
QK7,ChuaVinhNghiem,0
NhaThoTanDinh,CongVienLeVanTam,1
UEH,HoConRua,1
UIT,IU,1
BVChoRay,NhaThiDauPhuTho,0
HCMUS,ChoBenThanh,1
NhaThoTanDinh,ChoTanDinh,0
BVChoRay,BVDHYD,0
SGU,HCMUS,0
VCDK,NhaHatTP,0
RMIT,TDTU,0
BaoTangChungTich,DinhDocLap_Back,0
UAH,UEH,0
ChuaBaThienHau,ChoLon,0
BuuDienTP,NhaThoDucBa,0
OU,UAH,0
BuuDienTP,HCMUSSH,0
TAKA,PhoDiBoHue,0
DinhDL,OU,1
CongVien239,BuiVien,1
NhaHatTP,TAKA,0
HTV,BaoTangLS,0
BaoTangLS,ThaoCamVien,0
Bitexco,PhoDiBoHue,0
ThongNhat,CongVien239,0
VanHanh,CongVienTaoDan,0
VanHanh,HCMUT,0
VMMTD,HCMUC,0
HTV,HCMUSSH,0
NhaRongWharf,BenNhaRong,0
DinhDocLap_Back,DinhDL,0
BenNhaRong,HamThuThiem,0
Bitexco,BenNhaRong,0
VanHanh,ThongNhat,0
ChoBenThanh,BaoTangMyThuat,0
VIVO,LotteQ7,0
DinhDocLap_Back,CongVienTaoDan,0
UFM,NhaRongWharf,1
Landmark81,VMMTD,0
NLU,SuoiTienPark,0
NLU,UIT,0
HoConRua,ChuaNgocHoang,0
ChoAnDong,CongVien239,0
VCDK,HCMUSSH,0
NhaThiDauPhuTho,DamSenPark,0
AeonBT,NhaThiDauPhuTho,0
BVChoRay,ThongNhat,0
GaSaiGon,AeonTP,0
GigaMall,BXMD,0
ChuaNgocHoang,CongVienLeVanTam,0
VIVO,TDTU,0
ChoTanDinh,QK7,0
CauThuThiem2,HamThuThiem,0
ChuaBaThienHau,AeonBT,0
SanBayTSN,ChuaVinhNghiem,0
AeonTP,HCMUT,0
BinhQuoi,Landmark81,0
VIVO,CauAnhSao,0
ThaoCamVien,GigaMall,0
GigaMall,BinhQuoi,0
UFM,LotteQ7,0
BinhQuoi,IU,0
ChuaNgocHoang,BaoTangLS,0
BaoTangLS,Bitexco,0
BaoTangLS,ChoBenThanh,0
BaoTangLS,HoConRua,0
BaoTangLS,CauThuThiem2,0
DinhDL,BaoTangLS,0
DinhDocLap_Back,BaoTangLS,0
BaoTangChungTich,BaoTangLS,0
BaoTangLS,UAH,0
UEH,BaoTangLS,0
BaoTangLS,NhaThoDucBa,0
CongVienLeVanTam,BaoTangLS,0
BaoTangLS,HCMUSSH,1
VCDK,BaoTangLS,1
UIT,Landmark81,1
UIT,BinhQuoi,0
ChuaNgocHoang,GigaMall,0
HCMUSSH,GigaMall,0
Bitexco,ChuaNgocHoang,0
ChoBenThanh,ChuaNgocHoang,0
BaoTangMyThuat,ChuaNgocHoang,0
ChuaNgocHoang,VanHanh,0
ChuaNgocHoang,CongVienTaoDan,0
ChuaNgocHoang,NhaHatTP,0
HTV,ChuaNgocHoang,0
ThaoCamVien,ChuaNgocHoang,0
ChuaNgocHoang,TAKA,0
DinhDocLap_Back,ChuaNgocHoang,0
BaoTangChungTich,ChuaNgocHoang,0
ChuaNgocHoang,SGU,1
UAH,ChuaNgocHoang,0
ChuaNgocHoang,PhoDiBoHue,1
QK7,ChuaNgocHoang,0
NhaThoDucBa,ChuaNgocHoang,0
NhaThoTanDinh,ChuaNgocHoang,0
ChuaNgocHoang,HCMUT,0
HCMUSSH,ChuaNgocHoang,0
ChuaNgocHoang,VCDK,0
VanHanh,Bitexco,0
CongVienTaoDan,Bitexco,0
HTV,Bitexco,1
Bitexco,CauThuThiem2,0
ThaoCamVien,Bitexco,0
Bitexco,NhaRongWharf,1
Bitexco,DinhDocLap_Back,0
Bitexco,BaoTangChungTich,1
Bitexco,ChoAnDong,0
Bitexco,SGU,0
UEH,Bitexco,0
NhaThoDucBa,Bitexco,0
Bitexco,BuiVien,0
Bitexco,OU,0
ThongNhat,BuuDienTP,0
BuuDienTP,ChoBenThanh,0
BuuDienTP,BaoTangMyThuat,0
BuuDienTP,VanHanh,0
BuuDienTP,ThaoCamVien,0
CongVien239,BuuDienTP,0
BuuDienTP,DinhDL,0
BuuDienTP,DinhDocLap_Back,0
BuuDienTP,BaoTangChungTich,0
BuuDienTP,ChoAnDong,0
SGU,BuuDienTP,0
UAH,BuuDienTP,0
PhoDiBoHue,BuuDienTP,0
UFM,BuuDienTP,0
BXMD,BuuDienTP,0
BuuDienTP,UEH,0
BuiVien,BuuDienTP,0
BuuDienTP,OU,0
BuuDienTP,CongVienLeVanTam,1
NhaThoTanDinh,BuuDienTP,0
BuuDienTP,HCMUT,0
BenNhaRong,BuuDienTP,1
ThongNhat,NhaThiDauPhuTho,0
ChoBenThanh,NhaThiDauPhuTho,0
NhaThiDauPhuTho,BaoTangMyThuat,0
NhaThiDauPhuTho,VanHanh,0
NhaThiDauPhuTho,HCMUS,0
BVDHYD,NhaThiDauPhuTho,1
NhaThiDauPhuTho,CongVien239,0
NhaThiDauPhuTho,BaoTangChungTich,0
NhaThiDauPhuTho,ChuaBaThienHau,0
NhaThiDauPhuTho,BuiVien,0
AeonTP,NhaThiDauPhuTho,0
HCMUT,NhaThiDauPhuTho,0
ChoLon,NhaThiDauPhuTho,0
ChoBenThanh,ThongNhat,0
ThongNhat,BaoTangMyThuat,0
HCMUS,ThongNhat,0
ThongNhat,BVDHYD,0
ThongNhat,GaSaiGon,0
ThongNhat,TAKA,0
DinhDocLap_Back,ThongNhat,0
BaoTangChungTich,ThongNhat,1
ThongNhat,ChoAnDong,0
ThongNhat,PhoDiBoHue,0
AeonBT,ThongNhat,0
UEH,ThongNhat,0
BuiVien,ThongNhat,0
ThongNhat,ChoLon,1
ThongNhat,VCDK,0
ChoBenThanh,HoConRua,0
VanHanh,ChoBenThanh,0
ChoBenThanh,BVChoRay,0
CongVienTaoDan,ChoBenThanh,0
ChoBenThanh,NhaHatTP,0
HTV,ChoBenThanh,0
ChoBenThanh,BVDHYD,1
GaSaiGon,ChoBenThanh,0
ChoBenThanh,NhaRongWharf,0
ChoBenThanh,TAKA,1
ChoBenThanh,DinhDL,0
ChoBenThanh,BaoTangChungTich,0
SGU,ChoBenThanh,0
ChoBenThanh,UAH,0
ChoBenThanh,PhoDiBoHue,0
ChoBenThanh,UFM,0
ChoBenThanh,UEH,0
NhaThoDucBa,ChoBenThanh,0
ChoBenThanh,ChuaBaThienHau,0
ChoBenThanh,OU,0
ChoBenThanh,CongVienLeVanTam,0
ChoBenThanh,NhaThoTanDinh,0
ChoBenThanh,HCMUT,0
ChoBenThanh,VCDK,0
NhaRongWharf,VIVO,1
VIVO,RMIT,0
VIVO,UFM,0
ChoTanDinh,HoConRua,0
BaoTangMyThuat,HoConRua,0
VanHanh,HoConRua,0
HoConRua,CongVienTaoDan,0
HoConRua,HCMUS,1
HoConRua,NhaHatTP,0
HoConRua,HTV,0
CauThuThiem2,HoConRua,0
GaSaiGon,HoConRua,0
TAKA,HoConRua,0
DinhDocLap_Back,HoConRua,0
HoConRua,ChoAnDong,0
HoConRua,UAH,0
HoConRua,BXMD,0
NhaThoDucBa,HoConRua,0
HoConRua,ChuaVinhNghiem,0
HoConRua,BuiVien,1
HoConRua,NhaThoTanDinh,1
AeonTP,HoConRua,0
HoConRua,HamThuThiem,0
HoConRua,BenNhaRong,0
VanHanh,ChoTanDinh,0
ChoTanDinh,CongVienTaoDan,0
NhaHatTP,ChoTanDinh,0
HTV,ChoTanDinh,0
ThaoCamVien,ChoTanDinh,0
DinhDL,ChoTanDinh,0
UAH,ChoTanDinh,0
BXMD,ChoTanDinh,1
UEH,ChoTanDinh,1
NhaThoDucBa,ChoTanDinh,0
ChoTanDinh,ChuaVinhNghiem,0
ChoTanDinh,OU,0
CongVienLeVanTam,ChoTanDinh,0
HCMUSSH,ChoTanDinh,1
ChoTanDinh,SanBayTSN,0
BaoTangMyThuat,DamSenPark,0
BVChoRay,BaoTangMyThuat,0
CauThuThiem2,BaoTangMyThuat,0
BaoTangMyThuat,BVDHYD,0
CongVien239,BaoTangMyThuat,0
TAKA,BaoTangMyThuat,0
BaoTangMyThuat,DinhDL,0
BaoTangMyThuat,ChoAnDong,0
PhoDiBoHue,BaoTangMyThuat,0
BaoTangMyThuat,UFM,0
NhaThoDucBa,BaoTangMyThuat,0
ChuaBaThienHau,BaoTangMyThuat,0
BuiVien,BaoTangMyThuat,1
BaoTangMyThuat,OU,0
HamThuThiem,BaoTangMyThuat,0
BenNhaRong,BaoTangMyThuat,0
BVChoRay,VanHanh,0
VanHanh,HCMUS,0
NhaHatTP,VanHanh,0
BVDHYD,VanHanh,0
GaSaiGon,VanHanh,0
DinhDL,VanHanh,0
VanHanh,DinhDocLap_Back,0
ChoAnDong,VanHanh,0
SGU,VanHanh,0
VanHanh,PhoDiBoHue,0
AeonBT,VanHanh,0
UEH,VanHanh,0
ChuaBaThienHau,VanHanh,0
VanHanh,OU,0
NhaThoTanDinh,VanHanh,0
VanHanh,AeonTP,0
HCMUSSH,VanHanh,0
ChoLon,VanHanh,0
BVDHYD,DamSenPark,0
DamSenPark,GaSaiGon,0
ChoAnDong,DamSenPark,0
DamSenPark,AeonBT,0
DamSenPark,BuiVien,0
HCMUT,DamSenPark,0
DamSenPark,ChoLon,0
HCMUC,CauThuThiem2,1
BinhQuoi,HCMUC,0
HCMUC,HamThuThiem,0
CongVienTaoDan,BVChoRay,0
GaSaiGon,BVChoRay,0
BVChoRay,CongVien239,0
BVChoRay,BaoTangChungTich,0
BVChoRay,ChoAnDong,1
BVChoRay,AeonBT,0
BVChoRay,HCMUT,0
Landmark81,ThaoCamVien,0
CongVienTaoDan,HCMUS,0
NhaHatTP,CongVienTaoDan,0
BVDHYD,CongVienTaoDan,0
CongVienTaoDan,GaSaiGon,0
CongVienTaoDan,BaoTangChungTich,0
SGU,CongVienTaoDan,0
PhoDiBoHue,CongVienTaoDan,0
CongVienTaoDan,QK7,0
AeonBT,CongVienTaoDan,0
CongVienTaoDan,CongVienLeVanTam,0
CongVienTaoDan,HCMUT,0
HCMUSSH,CongVienTaoDan,0
NhaHatTP,HCMUS,0
HCMUS,HTV,0
BVDHYD,HCMUS,0
GaSaiGon,HCMUS,0
HCMUS,NhaRongWharf,0
CongVien239,HCMUS,0
DinhDL,HCMUS,0
ChoAnDong,HCMUS,1
HCMUS,PhoDiBoHue,1
UFM,HCMUS,0
HCMUS,UEH,0
BuiVien,HCMUS,0
CongVienLeVanTam,HCMUS,1
HCMUS,NhaThoTanDinh,0
HCMUS,AeonTP,0
HamThuThiem,HCMUS,0
HCMUSSH,HCMUS,0
HCMUS,BenNhaRong,0
IU,SuoiTienPark,0
NLU,IU,0
HTV,NhaHatTP,0
NhaHatTP,CauThuThiem2,0
NhaHatTP,ThaoCamVien,0
NhaHatTP,NhaRongWharf,0
CongVien239,NhaHatTP,1
DinhDL,NhaHatTP,0
BaoTangChungTich,NhaHatTP,1
UAH,NhaHatTP,0
NhaHatTP,UFM,0
UEH,NhaHatTP,0
NhaHatTP,BuiVien,0
NhaHatTP,OU,0
NhaHatTP,HCMUT,0
HTV,CauThuThiem2,1
ThaoCamVien,HTV,0
HTV,NhaRongWharf,0
HTV,TAKA,1
HTV,BXMD,0
HTV,NhaThoDucBa,0
HTV,OU,0
CongVienLeVanTam,HTV,0
HTV,HamThuThiem,0
VCDK,HTV,0
BenNhaRong,HTV,1
ThaoCamVien,CauThuThiem2,0
CauThuThiem2,NhaRongWharf,0
DinhDL,CauThuThiem2,1
CauThuThiem2,PhoDiBoHue,0
CauThuThiem2,VMMTD,0
CauThuThiem2,NhaThoDucBa,0
CauThuThiem2,HCMUSSH,0
CauThuThiem2,VCDK,0
BVDHYD,GaSaiGon,0
BVDHYD,CongVien239,1
BVDHYD,DinhDL,0
ChoAnDong,BVDHYD,0
BVDHYD,SGU,1
AeonBT,BVDHYD,0
BuiVien,BVDHYD,1
BVDHYD,OU,0
AeonTP,BVDHYD,0
GaSaiGon,DinhDocLap_Back,0
GaSaiGon,BaoTangChungTich,0
SGU,GaSaiGon,0
QK7,GaSaiGon,0
NhaThoDucBa,GaSaiGon,0
BuiVien,GaSaiGon,0
GaSaiGon,OU,0
GaSaiGon,NhaThoTanDinh,0
SanBayTSN,GaSaiGon,0
ThaoCamVien,UAH,0
PhoDiBoHue,ThaoCamVien,0
ThaoCamVien,BinhQuoi,0
ThaoCamVien,BXMD,0
ThaoCamVien,NhaThoDucBa,0
ThaoCamVien,OU,0
ThaoCamVien,CongVienLeVanTam,0
NhaThoTanDinh,ThaoCamVien,0
ThaoCamVien,HamThuThiem,0
VCDK,ThaoCamVien,0
ThaoCamVien,BenNhaRong,0
NhaRongWharf,TAKA,1
NhaRongWharf,DinhDL,0
BuiVien,NhaRongWharf,0
HCMUSSH,NhaRongWharf,0
LotteQ7,NhaRongWharf,0
VCDK,NhaRongWharf,0
CongVien239,DinhDL,0
DinhDocLap_Back,CongVien239,0
SGU,CongVien239,0
CongVien239,PhoDiBoHue,0
CongVien239,AeonBT,1
CongVien239,UEH,0
NhaThoDucBa,CongVien239,0
ChuaBaThienHau,CongVien239,1
OU,CongVien239,0
CongVienLeVanTam,CongVien239,0
CongVien239,AeonTP,0
CongVien239,HCMUSSH,0
CongVien239,ChoLon,0
VCDK,CongVien239,0
TDTU,CauAnhSao,0
LotteQ7,TDTU,0
DinhDL,TAKA,1
DinhDocLap_Back,TAKA,0
TAKA,BaoTangChungTich,0
TAKA,SGU,0
UAH,TAKA,0
TAKA,UFM,0
TAKA,UEH,0
NhaThoDucBa,TAKA,0
OU,TAKA,0
TAKA,CongVienLeVanTam,0
NhaThoTanDinh,TAKA,0
TAKA,HamThuThiem,1
TAKA,HCMUSSH,0
TAKA,VCDK,0
BenNhaRong,TAKA,0
BaoTangChungTich,DinhDL,0
SGU,DinhDL,0
UEH,DinhDL,0
DinhDL,ChuaVinhNghiem,0
DinhDL,BuiVien,0
DinhDL,NhaThoTanDinh,0
DinhDL,HamThuThiem,1
DinhDL,HCMUSSH,0
DinhDL,VCDK,0
ChoAnDong,DinhDocLap_Back,0
SGU,DinhDocLap_Back,0
DinhDocLap_Back,UAH,0
DinhDocLap_Back,PhoDiBoHue,1
DinhDocLap_Back,ChuaVinhNghiem,0
DinhDocLap_Back,BuiVien,0
OU,DinhDocLap_Back,1
DinhDocLap_Back,CongVienLeVanTam,0
DinhDocLap_Back,NhaThoTanDinh,0
HCMUT,DinhDocLap_Back,0
HCMUSSH,DinhDocLap_Back,0
DinhDocLap_Back,VCDK,0
ChoAnDong,BaoTangChungTich,0
BaoTangChungTich,SGU,0
PhoDiBoHue,BaoTangChungTich,0
BaoTangChungTich,NhaThoDucBa,0
ChuaVinhNghiem,BaoTangChungTich,1
BuiVien,BaoTangChungTich,0
OU,BaoTangChungTich,0
CongVienLeVanTam,BaoTangChungTich,0
BaoTangChungTich,HCMUT,0
VCDK,BaoTangChungTich,0
SGU,ChoAnDong,0
ChoAnDong,UAH,0
ChoAnDong,PhoDiBoHue,0
ChoAnDong,UFM,1
ChoAnDong,UEH,1
BuiVien,ChoAnDong,0
OU,ChoAnDong,0
ChoAnDong,AeonTP,0
HCMUT,ChoAnDong,0
ChoAnDong,ChoLon,0
ChoAnDong,VCDK,1
UAH,SGU,0
SGU,PhoDiBoHue,0
SGU,UFM,0
AeonBT,SGU,0
SGU,NhaThoDucBa,0
SGU,ChuaBaThienHau,0
OU,SGU,0
SGU,NhaThoTanDinh,0
HCMUT,SGU,0
HamThuThiem,SGU,0
HCMUSSH,SGU,0
SGU,ChoLon,0
SGU,VCDK,0
BenNhaRong,SGU,0
VMMTD,IU,0
LotteQ7,RMIT,0
UAH,ChuaVinhNghiem,0
UAH,BuiVien,0
CongVienLeVanTam,UAH,0
NhaThoTanDinh,UAH,0
AeonTP,UAH,0
UAH,HCMUT,0
HamThuThiem,UAH,0
UAH,HCMUSSH,0
UEH,PhoDiBoHue,0
PhoDiBoHue,NhaThoDucBa,0
CongVienLeVanTam,PhoDiBoHue,0
PhoDiBoHue,HCMUT,0
PhoDiBoHue,VCDK,0
VMMTD,BinhQuoi,0
BinhQuoi,BXMD,0
QK7,UEH,0
QK7,NhaThoDucBa,0
CongVienLeVanTam,QK7,1
QK7,HCMUT,0
QK7,SanBayTSN,0
UFM,CauAnhSao,0
UFM,NhaThoDucBa,0
UFM,BuiVien,0
HamThuThiem,UFM,0
VCDK,UFM,0
AeonBT,BuiVien,0
HCMUT,AeonBT,0
AeonBT,ChoLon,0
CongVienLeVanTam,BXMD,1
BXMD,NhaThoTanDinh,0
ChuaVinhNghiem,UEH,0
OU,UEH,1
CongVienLeVanTam,UEH,0
UEH,NhaThoTanDinh,0
HCMUT,UEH,0
HamThuThiem,UEH,0
UEH,HCMUSSH,0
UEH,VCDK,1
BenNhaRong,UEH,0
NhaThoDucBa,ChuaVinhNghiem,0
OU,NhaThoDucBa,0
NhaThoDucBa,CongVienLeVanTam,0
NhaThoDucBa,HCMUSSH,0
NhaThoDucBa,VCDK,0
BenNhaRong,NhaThoDucBa,0
ChuaVinhNghiem,OU,0
ChuaVinhNghiem,NhaThoTanDinh,0
ChuaBaThienHau,BuiVien,0
OU,BuiVien,0
BuiVien,AeonTP,0
BuiVien,HCMUT,0
HamThuThiem,BuiVien,1
HCMUSSH,BuiVien,0
BuiVien,ChoLon,1
BuiVien,VCDK,0
BenNhaRong,BuiVien,0
OU,NhaThoTanDinh,0
OU,AeonTP,0
OU,HCMUSSH,0
BenNhaRong,OU,0
AeonTP,CongVienLeVanTam,0
SanBayTSN,CongVienLeVanTam,0
HCMUT,NhaThoTanDinh,0
NhaThoTanDinh,HCMUSSH,0
NhaThoTanDinh,SanBayTSN,0
HCMUSSH,HCMUT,0
VCDK,HamThuThiem,0
BenNhaRong,HCMUSSH,0
BenNhaRong,VCDK,0
ThptLeQuyDon,DinhDL,0
ThptLeQuyDon,UEH,0
ThptMarieCurie,ThptLeQuyDon,0
ThptMarieCurie,DinhDocLap_Back,0
ThptBuiThiXuan,CongVienTaoDan,0
ThptBuiThiXuan,ChuaXaLoi,0
ThptNguyenThiMinhKhai,ThptMarieCurie,0
ThptNguyenThiMinhKhai,DinhDL,0
UbndQuan1,NhaThoDucBa,0
UbndQuan1,BuuDienTP,0
CongAnQuan1,UbndQuan1,0
CongAnQuan1,NhaHatTP,1
BaoTangHoChiMinh,BenNhaRong,0
BaoTangHoChiMinh,CauKhanhHoi,0
ChuaXaLoi,BaoTangChungTich,0
NhaThoHuyenSy,CongVienTaoDan,0
NhaThoHuyenSy,ChoThaiBinh,0
ChoThaiBinh,CongVien239,0
ChoThaiBinh,BuiVien,0
SaiGonSquare,TAKA,0
SaiGonSquare,VCDK,0
BaoTangYhct,BvTrungVuong,0
CauOngLanh,ChoBenThanh,0
CauOngLanh,BenVanDon,1
BenVanDon,KhuVuiChoiKizCiti,0
KhuVuiChoiKizCiti,CauOngLanh,0
NhaThoXomChieu,BaoTangHoChiMinh,0
ToaNhaBitexcoMatSau,Bitexco,0
PhoDiBoNguyenHueDoanGiua,PhoDiBoHue,0
PhoDiBoNguyenHueDoanGiua,NhaHatTP,0
KhuPhoTayBuiVienHem,BuiVien,0
TramYTePhuongBenNghe,UbndQuan1,0
TramYTePhuongBenThanh,ChoBenThanh,0
CongAnPhuongDaKao,CongVienLeVanTam,0
CongAnPhuongTanDinh,ChoTanDinh,0
ChoHoaBinh,ChoThiec,0
ChuaQuanAm,ChuaBaThienHau,0
NhaThoChaTam,ChoLon,0
ChoThiec,BvNguyenTriPhuong,0
BvRhm,ChoAnDong,0
BvNguyenTriPhuong,BvRhm,0
BvTrungVuong,BvQuan11,0
DhBkhcmCs1,HCMUT,0
ChoNhatTao,DhBkhcmCs1,0
CongVienTanPhuoc,ChoNhatTao,0
CongVienNuocDamSen,DamSenPark,0
VongXoayCayGo,ChoLon,1
BvQuan11,VongXoayCayGo,0
ThptLeHongPhong,BvNguyenTriPhuong,0
ThptNangKhieu,ThptLeHongPhong,0
UbndQuan5,ThptNangKhieu,0
ThptNguyenKhuyen,NhaThiDauPhuTho,0
UbndQuan10,VanHanh,0
ChoAnDongThucPham,ChoAnDong,0
BvChoRayKhuB,BVChoRay,0
ChoPhamVanHai,CongVienHoangVanThu,0
CongVienGiaDinh,SanBayTSN,0
BvThongNhat,TrungTamTrienLamTanBinh,0
TrungTamTrienLamTanBinh,ChoHoangHoaTham,0
ChoHoangHoaTham,PicoPlaza,0
ChuaPhuocHai,CongVienLeVanTam,0
NhaThoPhuNhuan,PhoAmThucPhanXichLong,0
PhoAmThucPhanXichLong,BVGiaDinh,0
ChoNguyenDinhChieu,PhoAmThucPhanXichLong,0
BigCGoVap,LotteMartGoVap,0
LotteMartGoVap,ChoGoVap,0
ChoGoVap,EmartGoVap,0
ChuaKyQuang2,ChoGoVap,0
NhaThoHanhThongTay,ChoHanhThongTay,0
CongVienLangHoa,NhaThoHanhThongTay,0
AeonMallTanPhuCeladon,AeonTP,0
ChoTanHuong,AeonMallTanPhuCeladon,0
ChuaPhapVan,ChoTanHuong,0
ThptGoVap,BigCGoVap,0
ThptNguyenCongTru,BigCGoVap,0
UbndGoVap,ChoGoVap,0
SbdQuanKhu7SanTap,SVDQuanKhu7,0
SanBayTsnGaQuocTe,SanBayTSN,0
SanBayTsnGaQuocNoi,SanBayTsnGaQuocTe,0
ChoThiNghe,CauThiNghe,0
KhuDuLichVanThanh,KDLVanThanh,0
BvColumbiaAsia,BvGiaDinh,0
ChoPhuong11BinhThanh,ChoBaChieu,0
KhuDanCuThaoDien,VMMTD,0
TruongQuocTeBis,KhuDanCuThaoDien,0
ChuaHueNghiem,EstellaPlace,0
ChoBinhTrung,KhuDoThiAnPhuAnKhanh,0
KhuDoThiAnPhuAnKhanh,EstellaPlace,0
KhuCongNghiepCatLai,CangCatLai,0
CangCatLai,PhuocLongSpringTown,0
PhuocLongSpringTown,KhuCongNghiepCatLai,0
ChoTangNhonPhu,VincomPlazaLeVanViet,0
DhGiaoThongVanTaiCs2,HocVienBcvtCs2,0
HocVienBcvtCs2,VincomPlazaLeVanViet,0
BienTienDongNgocNu,SuoiTienPark,0
KcnSongThan,KCNLinhTrung1,0
ChoNhoThuDuc,BVKhuVucThuDuc,0
NhaThoThuDuc,ChoThuDuc,0
VincomPlazaLeVanViet,BvLeVanViet,0
BvLeVanViet,KhuCongNgheCao,0
ThptTranDaiNghiaCs2,ChoTangNhonPhu,0
LangDaiHocKtxKhuA,HoDaLHQG,0
LangDaiHocKtxKhuB,LangDaiHocKtxKhuA,0
Landmark81CongVien,Landmark81,0
NhaThoFatimaBinhTrieu,ChoBinhTrieu,0
UbndPhuongThaoDien,KhuDanCuThaoDien,0
UbndPhuongAnPhu,KhuDoThiAnPhuAnKhanh,0
ChoTanKieng,BvQuan7,0
BvQuan7,LotteQ7,0
NhaThoThuanPhat,ChoTanKieng,0
ChuaThienTon,BvQuan7,0
BvPhucHoiChucNang,ChuaLongHoa,0
ChoNhiThienDuong,BenXeQuan8KhuB,0
KhuDanCuBinhHung,ChoNhiThienDuong,0
BenXeQuan8KhuB,BenXeQuan8,0
ChuaLongHoa,ChoNhiThienDuong,0
ChoPhuXuanNhaBe,ChoPhuXuan,0
KhuDoThiDragonCity,RMIT,0
BvNhaBe,TrungTamNhaBe,0
BenPhaBinhKhanh,KDLBinhKhanh,0
KhuDuLichVamSat,RungSac,0
ChoCanGio,BvCanGio,0
BvCanGio,BienCanGio,0
KhuBaoTonCanGio,KhuDuLichVamSat,0
ChoDaPhuoc,KhuDanCuConic,0
KhuDanCuConic,DHMienTay,0
DhVanHienCs2,DhUefCs2,0
DhUefCs2,KhuDanCuConic,0
RmitKyTucXa,RMIT,0
PhuMyHungKhuKenhDao,CRES,0
KhuCheXuatTanThuan2,KCXTanThuan,0
TramYTePhuongPhuMy,PhuMyHungKhuKenhDao,0
CongAnPhuongTanPhong,VIVO,0
UbndXaBinhKhanh,BenPhaBinhKhanh,0
TramYTeXaCanThanh,BvCanGio,0
ChoTanChanhHiep,PhanMemQuangTrung,0
CvpmQuangTrungCong2,PhanMemQuangTrung,0
BvQuan12,ChoTanChanhHiep,0
TuVienKhanhAn,NgaTuGa,0
NgaTuGa,ChoThanhXuan,0
ChoThanhXuan,KhuDuLichBenXua,0
KhuDuLichBenXua,NgaTuGa,0
ChoBaDiem2,ChoBaDiem,0
BvHocMon,ChoHocMon,0
NgaBaGiong,ChoHocMon,0
ChoHocMonDauMoi,NgaBaGiong,0
ChuaHoangPhapCongPhu,ChuaHoangPhap,0
BvCuChi,ChoCuChi,0
ChoCuChi,BenXeCuChi,0
KcnTayBacCuChiMoRong,KCNTayBacCuChi,0
BenXeCuChi,BvCuChi,0
AeonMallBinhTanBaiXe,AeonBT,0
ChoBinhTriDongB,ChoBinhTriDong,0
KcnTanTaoKhuMoRong,KCNTanTao,0
BvBinhTan,AeonBT,0
CongVienPhuLamCong2,CongVienPhuLam,0
BenXeAnSuongCongSau,BXBXAnSuong,0
UbndXaTanThongHoi,BvCuChi,0
CongAnXaPhuocHiep,BenXeCuChi,0
NganHangSacombankLeLoi,CaPheTrungNguyenLeLoi,0
SieuThiEmartPhamVanOng,CongVienBoSong,0
ChungCuJamila,CongVienBoSong,0
TruongThptLeHongPhong,CongVienSinhThai,0
SieuThiWinmartPhamVanOng,GigaMall,0
SieuThiEmartPhamVanOng,SieuThiWinmartPhamVanOng,0
TruongThptBuiThiXuan,CongVienTaoDan,0
SieuThiMmMegaMarketVoVanKiet,ChoLon,0
BenhVienMatNguyenOanh93,SieuThiGoNguyenOanh,0
NganHangSacombankLeLoi,VCDK,0
BenhVienAKhoaNguyenVanLinh38,BvQuan7,0
CuaHangGs25CachMangThang880,CongVienLeThiRieng,0
TruongThptLeHongPhong,SGU,0
BenhVienNhaKhoaMaiChiTho,SalaUrban,0
TruongThptLeHongPhong29,ThptLeHongPhong,0
CaPheTheCoffeeHouseNguyenVanLinh,VIVO,0
SieuThiLotteMartTranHungAo20,BaoTangMyThuat,0
BenhVienQuocTeQuangTrung,PhanMemQuangTrung,0
TruongThptNguyenThiMinhKhai,ThptMarieCurie,0
BenhVienMatIenBienPhu,CongVienLeVanTam,0
NganHangVietinbankLeLoi,NhaHatTP,0
CaPhePhucLongNguyenOanh,LotteMartGoVap,0
TruongThptGiaInh,BVGiaDinh,0
CuaHangMinistopNguyenOanh,BenhVienAKhoaNguyenOanh,0
SieuThiLotteMartQuangTrung,ChoHanhThongTay,0
CuaHangFamilymartIenBienPhu,HoConRua,0
ChungCuHimLam,LotteQ7,0
ChungCuEhome,KCNTanTao,0
SieuThiEmartNguyenVanLinh,CRES,0
NganHangMbbankLeVanSy,ChuaPhapHoa,0
ChungCuCityland99,LotteMartGoVap,0
SieuThiCoopmartVoVanKiet,BenhVienAKhoaVoVanKiet,0
TruongTieuHocNguyenBinhKhiem61,ThaoCamVien,0
CuaHangBachHoaXanhNguyenTrai,ChoAnDong,0
ChungCuSunriseCity,LotteMartNamSaiGon,0
NganHangVietcombankCachMangThang8,CongVienTaoDan,0
TruongTieuHocInhTienHoang,BVGiaDinh,0
NganHangAgribankTranHungAo,NhaHatTP,0
NganHangAcbCachMangThang8,ChoHoaHoThiKy,0
NganHangAcbLeVanSy69,BVBinhDan,0
SieuThiMmMegaMarketLeVanSy,TruongThptNguyenThuongHien,0
CaPhePassioLeLoi,ToaNhaSunWah,0
NganHangVietcombankIenBienPhu,Hutech,0
NganHangTechcombankMaiChiTho,SalaUrban,0
CaPhePhucLongTranHungAo,ChoBenThanh,0
CuaHangFamilymartMaiChiTho,NhaThoThuDiem,0
CuaHangMinistopMaiChiTho71,KhuCongNghiepCatLai,0
SieuThiLotteMartVoVanKiet,CuaHangBachHoaXanhVoVanKiet,0
CongVienThieuNhi,CongVienCayXanh,0
TruongThptTranAiNghia,BuuDienTP,0
ChungCuSunriseCity22,ChungCuSunriseCity,0
CuaHangGs25LeLoi,CaPheTrungNguyenLeLoi,0
CaPhePhucLongPhamVanOng,GigaMall,0
NganHangVietinbankQuangTrung,SieuThiLotteMartQuangTrung,0
CuaHangBachHoaXanhNguyenVanLinh,SieuThiEmartNguyenVanLinh,0
SieuThiGoPhamVanOng84,GigaMall,0
NganHangAgribankNguyenTrai,CuaHangBachHoaXanhNguyenTrai,0
CuaHangCircleKVoVanKiet,SieuThiCoopmartVoVanKiet,0
TruongThptNguyenThiMinhKhai13,TruongThptNguyenThiMinhKhai,0
BenhVienNhaKhoaIenBienPhu,BvColumbiaAsia,0
BenhVienPhongKhamAKhoaVoVanKiet,SieuThiCoopmartVoVanKiet,0
CuaHangGs25MaiChiTho,CuaHangFamilymartMaiChiTho,0
CuaHangGs25TranHungAo,NganHangAgribankTranHungAo,0
SieuThiMmMegaMarketIenBienPhu,KDLVanThanh,0
NganHangVietinbankVoVanKiet55,CuaHangCircleKVoVanKiet,0
CaPhePhucLongQuangTrung,SieuThiLotteMartQuangTrung,0
CuaHang7elevenPhamVanOng99,CaPhePhucLongPhamVanOng,0
CaPhePassioIenBienPhu,CuaHangFamilymartIenBienPhu,0
TruongThptBuiThiXuan35,TruongThptBuiThiXuan,0
CaPhePassioTranHungAo73,CaPhePhucLongTranHungAo,0
ChungCuVinhomes,VinhomesCentralPark,0
TruongThptNguyenThuongHien41,TruongThptNguyenThuongHien,0
TruongTieuHocHoaBinh,ChoBaChieu,0
NganHangBidvCachMangThang818,NganHangAcbCachMangThang8,0
CaPheHighlandsCoffeeVoVanKiet,CuaHangCircleKVoVanKiet,0
CuaHangMinistopPhamVanOng55,CuaHang7elevenPhamVanOng99,0
TruongThptNguyenThiMinhKhai69,TruongThptNguyenThiMinhKhai,0
TruongTieuHocTranHungAo,ChoBenThanh,0
CuaHangCircleKMaiChiTho16,CuaHangFamilymartMaiChiTho,0
CuaHang7elevenIenBienPhu94,CuaHangFamilymartIenBienPhu,0
CaPhePassioNguyenVanLinh,CaPheTheCoffeeHouseNguyenVanLinh,0
CongVienNoiKhu,ChungCuMasteri,0
CaPheKatinatMaiChiTho,CaPheTrungNguyenMaiChiTho50,0
CaPheTrungNguyenLeLoi,CaPhePassioLeLoi,0
TruongTieuHocNguyenBinhKhiem,ThaoCamVien,0
NganHangBidvNguyenVanLinh50,CaPhePassioNguyenVanLinh,0
NganHangTechcombankNguyenOanh,BenhVienMatNguyenOanh93,0
CaPhePassioQuangTrung,CaPhePhucLongQuangTrung,0
CaPheHighlandsCoffeeNguyenOanh,NganHangTechcombankNguyenOanh,0
CaPheKatinatCachMangThang8,CuaHangGs25CachMangThang880,0
BenhVienNhaKhoaLeVanSy,NganHangAcbLeVanSy69,0
TruongThptLeQuyOn,DinhDL,0
SieuThiWinmartCachMangThang824,SieuThiMmMegaMarketCachMangThang8,0
BenhVienMatLeLoi33,BenhVienNhaKhoaLeLoi,0
NganHangMbbankTranHungAo55,NganHangAgribankTranHungAo,0
SieuThiWinmartCachMangThang8,SieuThiWinmartCachMangThang824,0
CuaHangGs25QuangTrung,CuaHangMinistopQuangTrung,0
BenhVienAKhoaVoVanKiet,BenhVienPhongKhamAKhoaVoVanKiet,0
CuaHangBachHoaXanhQuangTrung,CuaHangGs25QuangTrung,0
NganHangTechcombankTranHungAo,SieuThiLotteMartTranHungAo20,0
BenhVienPhongKhamAKhoaLeVanSy,BenhVienNhaKhoaLeVanSy,0
BenhVienPhongKhamAKhoaNguyenTrai89,BvNguyenTriPhuong,0
NganHangVietinbankVoVanKiet45,NganHangVietinbankVoVanKiet55,0
CuaHangFamilymartLeLoi22,CuaHangGs25LeLoi,0
CaPheHighlandsCoffeeLeVanSy43,CaPheTheCoffeeHouseLeVanSy,0
BenhVienMatTranHungAo,BenhVienAKhoaTranHungAo,0
SieuThiEmartVoVanKiet48,SieuThiLotteMartVoVanKiet,0
NganHangAgribankPhamVanOng23,SieuThiEmartPhamVanOng,0
NganHangSacombankPhamVanOng29,NganHangAgribankPhamVanOng23,0
ChungCuNovaland78,ChungCuNovaland,0
CaPhePhucLongNguyenTrai,CuaHangBachHoaXanhNguyenTrai,0
NganHangSacombankNguyenTrai,NganHangAgribankNguyenTrai,0
SieuThiEmartLeVanSy,SieuThiMmMegaMarketLeVanSy,0
CuaHangFamilymartNguyenTrai,CuaHangBachHoaXanhNguyenTrai,0
CaPhePhucLongLeVanSy10,CaPheKatinatLeVanSy41,0
NganHangMbbankNguyenTrai69,NganHangSacombankNguyenTrai,0
BenhVienMatVoVanKiet,BenhVienAKhoaVoVanKiet,0
SieuThiWinmartNguyenTrai,CuaHangFamilymartNguyenTrai,0
ChungCuMasteri65,ChungCuMasteri,0
SieuThiEmartLeLoi,CuaHangGs25LeLoi,0
ChungCuCityland,ChungCuCityland99,0
CaPheTrungNguyenCachMangThang880,CaPheKatinatCachMangThang8,0
SieuThiLotteMartNguyenTrai33,SieuThiGoNguyenTrai,0
CuaHangBachHoaXanhCachMangThang853,CuaHangMinistopCachMangThang8,0
CuaHangBachHoaXanhNguyenTrai71,CuaHangBachHoaXanhNguyenTrai,0
SieuThiLotteMartIenBienPhu,SieuThiMmMegaMarketIenBienPhu,0
NganHangMbbankNguyenVanLinh,NganHangBidvNguyenVanLinh,0
BenhVienAKhoaNguyenOanh,BenhVienThamMyNguyenOanh,0
TruongThptBuiThiXuan77,TruongThptBuiThiXuan,0
TruongTieuHocHoaBinh44,TruongTieuHocHoaBinh,0
CaPhePassioLeVanSy,CaPhePhucLongLeVanSy10,0
CaPheTrungNguyenPhamVanOng88,CaPhePhucLongPhamVanOng,0
SieuThiCoopmartQuangTrung,SieuThiLotteMartQuangTrung,0
SieuThiMmMegaMarketNguyenOanh,SieuThiGoNguyenOanh,0
TruongTieuHocKetOan,SGU,0
NganHangAgribankLeLoi,NganHangSacombankLeLoi,0
TruongThptNguyenThuongHien7,TruongThptNguyenThuongHien,0
CaPhePassioPhamVanOng,CaPheTrungNguyenPhamVanOng88,0
TruongThptLeHongPhong94,TruongThptLeHongPhong,0
NganHangSacombankVoVanKiet,NganHangTechcombankVoVanKiet,0
ChungCuSunriseCity45,ChungCuSunriseCity,0
NganHangSacombankCachMangThang8,NganHangBidvCachMangThang818,0
CaPheHighlandsCoffeeQuangTrung,CaPhePassioQuangTrung,0
CaPhePassioLeVanSy37,CaPhePassioLeVanSy,0
BenhVienMatLeLoi,BenhVienMatLeLoi33,0
CuaHangFamilymartPhamVanOng,CuaHangMinistopPhamVanOng,0
CuaHangGs25MaiChiTho34,CuaHangGs25MaiChiTho,0
ChungCuVinhomes74,ChungCuVinhomes,0
CuaHangCircleKNguyenTrai55,CuaHangFamilymartNguyenTrai,0
NganHangMbbankNguyenTrai1,NganHangMbbankNguyenTrai69,0
ChungCuNovaland69,ChungCuNovaland,0
CuaHang7elevenTranHungAo62,CuaHangGs25TranHungAo,0
CaPheHighlandsCoffeeMaiChiTho,CaPheKatinatMaiChiTho,0
SieuThiLotteMartPhamVanOng97,SieuThiLotteMartPhamVanOng,0
TruongTieuHocKetOan43,TruongTieuHocKetOan,0
NganHangSacombankPhamVanOng,NganHangSacombankPhamVanOng29,0
NganHangVietcombankPhamVanOng,NganHangSacombankPhamVanOng,0
TruongTieuHocLeNgocHan,BVGiaDinh,0
CuaHangGs25NguyenOanh68,CuaHangCircleKNguyenOanh,0
SieuThiWinmartNguyenVanLinh,SieuThiEmartNguyenVanLinh,0
CaPheKatinatPhamVanOng,CaPhePassioPhamVanOng,0
CuaHangMinistopNguyenTrai,CuaHang7elevenNguyenTrai,0
SieuThiLotteMartLeLoi62,SieuThiLotteMartLeLoi,0
CuaHangGs25MaiChiTho62,CuaHangGs25MaiChiTho,0
CuaHangBachHoaXanhNguyenVanLinh,CuaHangGs25NguyenVanLinh,0
BenhVienAKhoaTranHungAo,BenhVienPhongKhamAKhoaTranHungAo,0
NganHangAcbIenBienPhu54,NganHangVietinbankIenBienPhu,0
NganHangAcbNguyenTrai,NganHangBidvNguyenTrai,0
CaPheTrungNguyenCachMangThang812,CaPheTrungNguyenCachMangThang880,0
ChungCuEhome49,ChungCuEhome,0
TruongThptNguyenThiMinhKhai84,TruongThptNguyenThiMinhKhai,0
SieuThiLotteMartNguyenVanLinh29,SieuThiWinmartNguyenVanLinh,0
SieuThiCoopmartNguyenVanLinh67,SieuThiCoopmartNguyenVanLinh,0
CuaHangMinistopTranHungAo49,CuaHang7elevenTranHungAo62,0
TruongThptTranAiNghia89,TruongThptTranAiNghia,0
CuaHangCircleKLeLoi91,CuaHangCircleKLeLoi,0
CuaHangMinistopCachMangThang887,CuaHangMinistopCachMangThang8,0
SieuThiCoopmartNguyenTrai56,SieuThiWinmartNguyenTrai,0
SieuThiEmartQuangTrung57,SieuThiLotteMartQuangTrung,0
CaPheTrungNguyenIenBienPhu,CaPhePassioIenBienPhu,0
CuaHangGs25NguyenVanLinh,CuaHangCircleKNguyenVanLinh,0
CuaHangBachHoaXanhLeVanSy59,SieuThiEmartLeVanSy,0
CuaHangMinistopMaiChiTho,CuaHangBachHoaXanhMaiChiTho41,0
SieuThiMmMegaMarketQuangTrung,SieuThiGoQuangTrung57,0
CuaHangBachHoaXanhIenBienPhu24,CuaHang7elevenIenBienPhu94,0
BenhVienQuocTeNguyenTrai,BenhVienPhongKhamAKhoaNguyenTrai89,0
NganHangAgribankQuangTrung59,NganHangVietcombankQuangTrung,0
BenhVienQuocTeVoVanKiet10,BenhVienAKhoaVoVanKiet,0
NganHangTechcombankIenBienPhu19,NganHangAcbIenBienPhu54,0
CuaHang7elevenLeLoi70,CuaHangFamilymartLeLoi22,0
TruongThptLeHongPhong12,TruongThptLeHongPhong,0
TruongTieuHocInhTienHoang86,TruongTieuHocInhTienHoang,0
CaPhePassioLeLoi11,CaPhePassioLeLoi,0
TruongThptNguyenThuongHien91,TruongThptNguyenThuongHien,0
CuaHangGs25IenBienPhu,CuaHangFamilymartIenBienPhu,0
NganHangAgribankCachMangThang8,NganHangVietcombankCachMangThang8,0
TruongThptNguyenThuongHien46,TruongThptNguyenThuongHien,0
BenhVienThamMyVoVanKiet,BenhVienAKhoaVoVanKiet,0
TruongThptNguyenThiMinhKhai19,TruongThptNguyenThiMinhKhai,0
BenhVienMatLeVanSy32,BenhVienMatLeVanSy,0
ChungCuSunriseCity38,ChungCuSunriseCity,0
ChungCuJamila,KCNLinhTrung1,0
SieuThiMmMegaMarketMaiChiTho77,SieuThiLotteMartMaiChiTho,0
BenhVienThamMyMaiChiTho,BenhVienAKhoaMaiChiTho,0
CuaHangGs25MaiChiTho57,CuaHangGs25MaiChiTho,0
CuaHangGs25NguyenVanLinh42,CuaHangGs25NguyenVanLinh,0
CaPhePhucLongVoVanKiet,CaPheTheCoffeeHouseVoVanKiet,0
NganHangAcbPhamVanOng,NganHangSacombankPhamVanOng,0
CaPheKatinatQuangTrung3,CaPhePhucLongQuangTrung,0
BenhVienQuocTePhamVanOng,BenhVienAKhoaPhamVanOng,0
CaPheTrungNguyenNguyenVanLinh97,CaPheTheCoffeeHouseNguyenVanLinh,0
TruongThptLeQuyOn22,TruongThptLeQuyOn,0
CaPheTheCoffeeHouseVoVanKiet,CaPheTrungNguyenVoVanKiet,0
CaPheHighlandsCoffeeVoVanKiet43,CaPheHighlandsCoffeeVoVanKiet,0
CuaHang7elevenLeLoi44,CuaHang7elevenLeLoi70,0
ChungCuEhome9,ChungCuEhome,0
CuaHang7elevenNguyenVanLinh,CuaHangMinistopNguyenVanLinh,0
TruongTieuHocHoaBinh22,TruongTieuHocHoaBinh,0
TruongThptTranAiNghia22,TruongThptTranAiNghia,0
SieuThiWinmartIenBienPhu,SieuThiLotteMartIenBienPhu,0
TruongTieuHocHoaBinh9,TruongTieuHocHoaBinh,0
CaPheTheCoffeeHouseMaiChiTho57,CaPheHighlandsCoffeeMaiChiTho,0
CuaHangGs25LeLoi98,CuaHangGs25LeLoi,0
TruongThptLeQuyOn21,TruongThptLeQuyOn,0
BenhVienThamMyVoVanKiet27,BenhVienThamMyVoVanKiet,0
ChungCuHimLam,LotteQ7,0
CaPhePhucLongIenBienPhu,CaPhePassioIenBienPhu,0
SieuThiLotteMartNguyenTrai91,SieuThiLotteMartNguyenTrai33,0
ChungCuNovaland32,ChungCuNovaland,0
BenhVienMatQuangTrung5,BenhVienQuocTeQuangTrung,0
TruongThptTranAiNghia92,TruongThptTranAiNghia,0
ChungCuNovaland31,ChungCuNovaland,0
SieuThiCoopmartTranHungAo,SieuThiLotteMartTranHungAo,0
SieuThiGoQuangTrung57,SieuThiMmMegaMarketQuangTrung,0
CuaHangGs25NguyenTrai55,CuaHangMinistopNguyenTrai,0
ChungCuEhome52,ChungCuEhome,0
CuaHangBachHoaXanhQuangTrung,CuaHangMinistopQuangTrung,0
ChungCuHimLam68,ChungCuHimLam,0
CuaHangBachHoaXanhMaiChiTho41,CuaHangBachHoaXanhMaiChiTho,0
NganHangVietcombankCachMangThang829,NganHangVietcombankCachMangThang8,0
SieuThiGoMaiChiTho,SieuThiMmMegaMarketMaiChiTho77,0
SieuThiWinmartIenBienPhu48,SieuThiWinmartIenBienPhu,0
NganHangMbbankNguyenTrai62,NganHangMbbankNguyenTrai1,0
TruongThptGiaInh34,TruongThptGiaInh,0
CaPheTrungNguyenCachMangThang81,CaPheTrungNguyenCachMangThang812,0
TruongThptMarieCurie50,TruongThptMarieCurie,0
TruongTieuHocLeNgocHan75,TruongTieuHocLeNgocHan,0
NganHangAcbMaiChiTho,NganHangSacombankMaiChiTho,0
NganHangAcbQuangTrung,NganHangVietinbankQuangTrung,0
CuaHangCircleKMaiChiTho12,CuaHangCircleKMaiChiTho16,0
BenhVienThamMyNguyenVanLinh,BenhVienAKhoaNguyenVanLinh38,0
TruongThptLeHongPhong88,TruongThptLeHongPhong,0
NganHangAcbNguyenOanh,NganHangTechcombankNguyenOanh,0
SieuThiGoPhamVanOng76,SieuThiGoPhamVanOng84,0
NganHangSacombankNguyenVanLinh69,NganHangSacombankNguyenVanLinh,0
ChungCuVinhomes9,ChungCuVinhomes,0
ChungCuMasteri56,ChungCuMasteri,0
ChungCuMasteri73,ChungCuMasteri,0
BenhVienPhongKhamAKhoaLeLoi,BenhVienAKhoaVoVanKiet,0
ChungCuVinhomes42,ChungCuVinhomes,0
CuaHangMinistopNguyenTrai33,CuaHangMinistopNguyenTrai,0
TruongThptLeHongPhong89,TruongThptLeHongPhong,0
TruongThptLeQuyOn94,TruongThptLeQuyOn,0
CuaHang7elevenLeVanSy,CuaHangBachHoaXanhLeVanSy59,0
NganHangAcbVoVanKiet1,NganHangTechcombankVoVanKiet,0
ChungCuEhome2,ChungCuEhome,0
NganHangMbbankNguyenOanh56,NganHangAcbNguyenOanh,0
NganHangMbbankCachMangThang8,NganHangBidvCachMangThang818,0
TruongThptTranAiNghia76,TruongThptTranAiNghia,0
NganHangTechcombankNguyenVanLinh,NganHangBidvNguyenVanLinh,0
CaPheHighlandsCoffeePhamVanOng93,CaPhePhucLongPhamVanOng,0
BenhVienPhongKhamAKhoaVoVanKiet59,BenhVienPhongKhamAKhoaVoVanKiet,0
CuaHangCircleKQuangTrung,CuaHangGs25QuangTrung,0
SieuThiGoIenBienPhu,SieuThiMmMegaMarketIenBienPhu,0
TruongThptLeHongPhong44,TruongThptLeHongPhong,0
BenhVienMatQuangTrung98,BenhVienMatQuangTrung5,0
CaPhePassioVoVanKiet,CaPheHighlandsCoffeeVoVanKiet,0
ChungCuEhome5,ChungCuEhome,0
CongVienSinhThai69,CongVienSinhThai,0
CuaHang7elevenTranHungAo53,CuaHang7elevenTranHungAo62,0
CuaHangGs25LeLoi3,CuaHangGs25LeLoi,0
NganHangSacombankIenBienPhu,NganHangTechcombankIenBienPhu19,0
CuaHang7elevenVoVanKiet62,CuaHangCircleKVoVanKiet,0
ChungCuEhome59,ChungCuEhome,0
NganHangTechcombankLeVanSy77,NganHangMbbankLeVanSy,0
BenhVienMatLeVanSy,BenhVienNhaKhoaLeVanSy,0
NganHangVietcombankTranHungAo,NganHangTechcombankTranHungAo,0
BenhVienQuocTeMaiChiTho,BenhVienAKhoaMaiChiTho,0
TruongTieuHocHoaBinh20,TruongTieuHocHoaBinh,0
NganHangTechcombankTranHungAo5,NganHangTechcombankTranHungAo,0
CuaHangFamilymartNguyenOanh,CuaHangMinistopNguyenOanh,0
NganHangMbbankVoVanKiet63,NganHangSacombankVoVanKiet,0
TruongTieuHocNguyenBinhKhiem4,TruongTieuHocNguyenBinhKhiem,0
NganHangTechcombankPhamVanOng13,NganHangSacombankPhamVanOng,0
SieuThiGoVoVanKiet,SieuThiCoopmartVoVanKiet,0
BenhVienMatNguyenTrai,BenhVienQuocTeNguyenTrai,0
CaPhePassioTranHungAo33,CaPhePassioTranHungAo,0
TruongThptBuiThiXuan34,TruongThptBuiThiXuan,0
CuaHangCircleKIenBienPhu6,CuaHangFamilymartIenBienPhu,0
TruongTieuHocKetOan13,TruongTieuHocKetOan,0
CuaHangGs25VoVanKiet88,CuaHang7elevenVoVanKiet62,0
BenhVienPhongKhamAKhoaNguyenTrai56,BenhVienPhongKhamAKhoaNguyenTrai89,0
BenhVienPhongKhamAKhoaMaiChiTho,BenhVienAKhoaMaiChiTho,0
BenhVienPhongKhamAKhoaQuangTrung45,BenhVienQuocTeQuangTrung,0
BenhVienThamMyLeVanSy,BenhVienNhaKhoaLeVanSy,0
TruongThptTranAiNghia94,TruongThptTranAiNghia,0
NganHangSacombankLeLoi,NganHangVietinbankLeLoi,0
NganHangVietinbankLeLoi,CaPhePassioLeLoi,0
CaPhePassioLeLoi,CuaHangGs25LeLoi,0
CuaHangGs25LeLoi,SieuThiEmartLeLoi,0
SieuThiEmartLeLoi,BenhVienMatLeLoi,0
BenhVienMatLeLoi,CuaHangCircleKLeLoi91,0
CuaHangCircleKLeLoi91,CuaHangFamilymartLeLoi22,0
CuaHangFamilymartLeLoi22,BenhVienMatLeLoi33,0
BenhVienMatLeLoi33,CuaHang7elevenLeLoi70,0
CuaHang7elevenLeLoi70,CuaHang7elevenLeLoi44,0
CuaHang7elevenLeLoi44,CuaHangGs25LeLoi98,0
CuaHangGs25LeLoi98,BenhVienNhaKhoaLeLoi,0
BenhVienNhaKhoaLeLoi,SieuThiLotteMartLeLoi,0
SieuThiLotteMartLeLoi,SieuThiLotteMartLeLoi62,0
SieuThiLotteMartLeLoi62,CaPheTrungNguyenLeLoi,0
CaPheTrungNguyenLeLoi,CaPhePassioLeLoi11,0
CaPhePassioLeLoi11,BenhVienPhongKhamAKhoaLeLoi,0
NganHangAgribankLeLoi,NganHangSacombankLeLoi,0
SieuThiEmartPhamVanOng,SieuThiWinmartPhamVanOng,0
SieuThiWinmartPhamVanOng,CuaHangMinistopPhamVanOng,0
CuaHangMinistopPhamVanOng,CaPhePhucLongPhamVanOng,0
CaPhePhucLongPhamVanOng,SieuThiGoPhamVanOng84,0
SieuThiGoPhamVanOng84,NganHangAgribankPhamVanOng23,0
NganHangAgribankPhamVanOng23,CuaHang7elevenPhamVanOng99,0
CuaHang7elevenPhamVanOng99,CuaHangMinistopPhamVanOng55,0
CuaHangMinistopPhamVanOng55,CaPhePassioPhamVanOng,0
CaPhePassioPhamVanOng,CaPheTrungNguyenPhamVanOng88,0
CaPheTrungNguyenPhamVanOng88,NganHangSacombankPhamVanOng,0
NganHangSacombankPhamVanOng,NganHangVietcombankPhamVanOng,0
NganHangVietcombankPhamVanOng,SieuThiGoPhamVanOng76,0
SieuThiGoPhamVanOng76,NganHangSacombankPhamVanOng29,0
NganHangSacombankPhamVanOng29,NganHangAcbPhamVanOng,0
NganHangAcbPhamVanOng,BenhVienQuocTePhamVanOng,0
BenhVienQuocTePhamVanOng,CaPheHighlandsCoffeePhamVanOng93,0
CaPheHighlandsCoffeePhamVanOng93,SieuThiLotteMartPhamVanOng,0
SieuThiLotteMartPhamVanOng,SieuThiLotteMartPhamVanOng97,0
SieuThiLotteMartPhamVanOng97,CaPheKatinatPhamVanOng,0
CaPheKatinatPhamVanOng,BenhVienMatPhamVanOng88,0
BenhVienMatPhamVanOng88,CuaHangFamilymartPhamVanOng,0
CuaHangFamilymartPhamVanOng,BenhVienThamMyPhamVanOng,0
BenhVienThamMyPhamVanOng,NganHangTechcombankPhamVanOng13,0
NganHangTechcombankPhamVanOng13,SieuThiMmMegaMarketPhamVanOng,0
BenhVienNhaKhoaMaiChiTho,NganHangTechcombankMaiChiTho,0
NganHangTechcombankMaiChiTho,CuaHangFamilymartMaiChiTho,0
CuaHangFamilymartMaiChiTho,CuaHangMinistopMaiChiTho71,0
CuaHangMinistopMaiChiTho71,CaPheKatinatMaiChiTho,0
CaPheKatinatMaiChiTho,CuaHangGs25MaiChiTho,0
CuaHangGs25MaiChiTho,SieuThiLotteMartMaiChiTho,0
SieuThiLotteMartMaiChiTho,CuaHangCircleKMaiChiTho16,0
CuaHangCircleKMaiChiTho16,CaPheTrungNguyenMaiChiTho50,0
CaPheTrungNguyenMaiChiTho50,NganHangAcbMaiChiTho,0
NganHangAcbMaiChiTho,BenhVienThamMyMaiChiTho,0
BenhVienThamMyMaiChiTho,CuaHangGs25MaiChiTho34,0
CuaHangGs25MaiChiTho34,CaPheHighlandsCoffeeMaiChiTho,0
CaPheHighlandsCoffeeMaiChiTho,CuaHangGs25MaiChiTho62,0
CuaHangGs25MaiChiTho62,CuaHangBachHoaXanhMaiChiTho41,0
CuaHangBachHoaXanhMaiChiTho41,SieuThiGoMaiChiTho,0
SieuThiGoMaiChiTho,SieuThiMmMegaMarketMaiChiTho77,0
SieuThiMmMegaMarketMaiChiTho77,BenhVienAKhoaMaiChiTho,0
BenhVienAKhoaMaiChiTho,CuaHangGs25MaiChiTho57,0
CuaHangGs25MaiChiTho57,CaPheTheCoffeeHouseMaiChiTho57,0
CaPheTheCoffeeHouseMaiChiTho57,CuaHangMinistopMaiChiTho,0
CuaHangMinistopMaiChiTho,NganHangSacombankMaiChiTho,0
NganHangSacombankMaiChiTho,CuaHangCircleKMaiChiTho12,0
CuaHangCircleKMaiChiTho12,CaPhePhucLongMaiChiTho,0
CaPhePhucLongMaiChiTho,BenhVienQuocTeMaiChiTho,0
BenhVienQuocTeMaiChiTho,BenhVienPhongKhamAKhoaMaiChiTho,0
BenhVienPhongKhamAKhoaMaiChiTho,CuaHangBachHoaXanhMaiChiTho,0
CuaHangBachHoaXanhMaiChiTho,SieuThiEmartMaiChiTho,0
BenhVienAKhoaQuangTrung,SieuThiLotteMartQuangTrung,0
SieuThiLotteMartQuangTrung,BenhVienQuocTeQuangTrung,0
BenhVienQuocTeQuangTrung,CaPhePhucLongQuangTrung,0
CaPhePhucLongQuangTrung,CuaHangGs25QuangTrung,0
CuaHangGs25QuangTrung,NganHangVietinbankQuangTrung,0
NganHangVietinbankQuangTrung,CuaHangBachHoaXanhQuangTrung,0
CuaHangBachHoaXanhQuangTrung,CaPhePassioQuangTrung,0
CaPhePassioQuangTrung,SieuThiCoopmartQuangTrung,0
SieuThiCoopmartQuangTrung,CaPheHighlandsCoffeeQuangTrung,0
CaPheHighlandsCoffeeQuangTrung,SieuThiEmartQuangTrung57,0
SieuThiEmartQuangTrung57,SieuThiMmMegaMarketQuangTrung,0
SieuThiMmMegaMarketQuangTrung,NganHangAgribankQuangTrung59,0
NganHangAgribankQuangTrung59,CaPheKatinatQuangTrung3,0
CaPheKatinatQuangTrung3,CuaHangCircleKQuangTrung,0
CuaHangCircleKQuangTrung,NganHangAcbQuangTrung,0
NganHangAcbQuangTrung,NganHangVietcombankQuangTrung,0
NganHangVietcombankQuangTrung,SieuThiGoQuangTrung57,0
SieuThiGoQuangTrung57,CuaHangMinistopQuangTrung,0
CuaHangMinistopQuangTrung,BenhVienMatQuangTrung5,0
BenhVienMatQuangTrung5,BenhVienMatQuangTrung98,0
BenhVienMatQuangTrung98,BenhVienPhongKhamAKhoaQuangTrung45,0
SieuThiMmMegaMarketVoVanKiet,SieuThiCoopmartVoVanKiet,0
SieuThiCoopmartVoVanKiet,CuaHangCircleKVoVanKiet,0
CuaHangCircleKVoVanKiet,SieuThiLotteMartVoVanKiet,0
SieuThiLotteMartVoVanKiet,NganHangVietinbankVoVanKiet55,0
NganHangVietinbankVoVanKiet55,BenhVienPhongKhamAKhoaVoVanKiet,0
BenhVienPhongKhamAKhoaVoVanKiet,CaPheHighlandsCoffeeVoVanKiet,0
CaPheHighlandsCoffeeVoVanKiet,BenhVienAKhoaVoVanKiet,0
BenhVienAKhoaVoVanKiet,NganHangVietinbankVoVanKiet45,0
NganHangVietinbankVoVanKiet45,SieuThiEmartVoVanKiet48,0
SieuThiEmartVoVanKiet48,BenhVienMatVoVanKiet,0
BenhVienMatVoVanKiet,CuaHangBachHoaXanhVoVanKiet,0
CuaHangBachHoaXanhVoVanKiet,NganHangSacombankVoVanKiet,0
NganHangSacombankVoVanKiet,CaPhePhucLongVoVanKiet,0
CaPhePhucLongVoVanKiet,CaPheTheCoffeeHouseVoVanKiet,0
CaPheTheCoffeeHouseVoVanKiet,NganHangTechcombankVoVanKiet,0
NganHangTechcombankVoVanKiet,CaPheHighlandsCoffeeVoVanKiet43,0
CaPheHighlandsCoffeeVoVanKiet43,BenhVienThamMyVoVanKiet27,0
BenhVienThamMyVoVanKiet27,NganHangAcbVoVanKiet1,0
NganHangAcbVoVanKiet1,BenhVienPhongKhamAKhoaVoVanKiet59,0
BenhVienPhongKhamAKhoaVoVanKiet59,CaPhePassioVoVanKiet,0
CaPhePassioVoVanKiet,CuaHang7elevenVoVanKiet62,0
CuaHang7elevenVoVanKiet62,NganHangMbbankVoVanKiet63,0
NganHangMbbankVoVanKiet63,SieuThiGoVoVanKiet,0
SieuThiGoVoVanKiet,CuaHangGs25VoVanKiet88,0
CuaHangGs25VoVanKiet88,BenhVienQuocTeVoVanKiet10,0
BenhVienQuocTeVoVanKiet10,NganHangAgribankVoVanKiet,0
NganHangAgribankVoVanKiet,BenhVienThamMyVoVanKiet,0
BenhVienThamMyVoVanKiet,CaPheTrungNguyenVoVanKiet,0
CuaHangBachHoaXanhNguyenTrai,NganHangAgribankNguyenTrai,0
NganHangAgribankNguyenTrai,TruongThptNguyenThiMinhKhai13,0
TruongThptNguyenThiMinhKhai13,CaPhePhucLongNguyenTrai,0
CaPhePhucLongNguyenTrai,NganHangSacombankNguyenTrai,0
NganHangSacombankNguyenTrai,CuaHangFamilymartNguyenTrai,0
CuaHangFamilymartNguyenTrai,NganHangMbbankNguyenTrai69,0
NganHangMbbankNguyenTrai69,SieuThiWinmartNguyenTrai,0
SieuThiWinmartNguyenTrai,SieuThiLotteMartNguyenTrai33,0
SieuThiLotteMartNguyenTrai33,CuaHangBachHoaXanhNguyenTrai71,0
CuaHangBachHoaXanhNguyenTrai71,CuaHangCircleKNguyenTrai55,0
CuaHangCircleKNguyenTrai55,NganHangMbbankNguyenTrai1,0
NganHangMbbankNguyenTrai1,CuaHangMinistopNguyenTrai,0
CuaHangMinistopNguyenTrai,NganHangBidvNguyenTrai,0
NganHangBidvNguyenTrai,NganHangAcbNguyenTrai,0
NganHangAcbNguyenTrai,BenhVienMatNguyenTrai,0
BenhVienMatNguyenTrai,SieuThiGoNguyenTrai,0
SieuThiGoNguyenTrai,CuaHangGs25NguyenTrai55,0
CuaHangGs25NguyenTrai55,SieuThiCoopmartNguyenTrai56,0
SieuThiCoopmartNguyenTrai56,BenhVienPhongKhamAKhoaNguyenTrai56,0
BenhVienPhongKhamAKhoaNguyenTrai56,NganHangMbbankNguyenTrai62,0
NganHangMbbankNguyenTrai62,BenhVienQuocTeNguyenTrai,0
BenhVienQuocTeNguyenTrai,SieuThiLotteMartNguyenTrai91,0
SieuThiLotteMartNguyenTrai91,CuaHang7elevenNguyenTrai,0
SieuThiLotteMartTranHungAo20,NganHangAgribankTranHungAo,0
NganHangAgribankTranHungAo,CaPhePhucLongTranHungAo,0
CaPhePhucLongTranHungAo,CuaHangGs25TranHungAo,0
CuaHangGs25TranHungAo,CaPhePassioTranHungAo73,0
CaPhePassioTranHungAo73,NganHangMbbankTranHungAo55,0
NganHangMbbankTranHungAo55,BenhVienAKhoaTranHungAo,0
BenhVienAKhoaTranHungAo,NganHangTechcombankTranHungAo,0
NganHangTechcombankTranHungAo,BenhVienMatTranHungAo,0
BenhVienMatTranHungAo,CuaHang7elevenTranHungAo62,0
CuaHang7elevenTranHungAo62,CuaHangMinistopTranHungAo49,0
CuaHangMinistopTranHungAo49,SieuThiCoopmartTranHungAo,0
SieuThiCoopmartTranHungAo,CuaHang7elevenTranHungAo53,0
CuaHang7elevenTranHungAo53,NganHangVietcombankTranHungAo,0
NganHangVietcombankTranHungAo,NganHangTechcombankTranHungAo5,0
NganHangTechcombankTranHungAo5,NganHangSacombankTranHungAo,0
NganHangSacombankTranHungAo,CaPhePassioTranHungAo33,0
CaPhePassioTranHungAo33,BenhVienPhongKhamAKhoaTranHungAo,0
BenhVienPhongKhamAKhoaTranHungAo,CuaHangCircleKTranHungAo,0
CuaHangCircleKTranHungAo,CaPhePassioTranHungAo,0
CuaHangGs25CachMangThang880,NganHangVietcombankCachMangThang8,0
NganHangVietcombankCachMangThang8,NganHangAcbCachMangThang8,0
NganHangAcbCachMangThang8,NganHangBidvCachMangThang818,0
NganHangBidvCachMangThang818,CaPheKatinatCachMangThang8,0
CaPheKatinatCachMangThang8,SieuThiWinmartCachMangThang824,0
SieuThiWinmartCachMangThang824,SieuThiWinmartCachMangThang8,0
SieuThiWinmartCachMangThang8,CuaHangBachHoaXanhCachMangThang853,0
CuaHangBachHoaXanhCachMangThang853,CaPheTrungNguyenCachMangThang880,0
CaPheTrungNguyenCachMangThang880,NganHangSacombankCachMangThang8,0
NganHangSacombankCachMangThang8,SieuThiMmMegaMarketCachMangThang8,0
SieuThiMmMegaMarketCachMangThang8,CuaHangMinistopCachMangThang887,0
CuaHangMinistopCachMangThang887,CaPhePhucLongCachMangThang8,0
CaPhePhucLongCachMangThang8,CuaHangBachHoaXanhCachMangThang8,0
CuaHangBachHoaXanhCachMangThang8,CaPheTrungNguyenCachMangThang812,0
CaPheTrungNguyenCachMangThang812,NganHangVietcombankCachMangThang829,0
NganHangVietcombankCachMangThang829,NganHangAgribankCachMangThang8,0
NganHangAgribankCachMangThang8,CaPheTrungNguyenCachMangThang81,0
CaPheTrungNguyenCachMangThang81,NganHangMbbankCachMangThang8,0
NganHangMbbankCachMangThang8,CuaHangMinistopCachMangThang8,0
CuaHangMinistopCachMangThang8,NganHangVietcombankCachMangThang881,0
TruongThptLeHongPhong,TruongThptLeHongPhong29,0
TruongThptLeHongPhong29,TruongThptLeHongPhong94,0
TruongThptLeHongPhong94,TruongThptLeHongPhong12,0
TruongThptLeHongPhong12,TruongThptLeHongPhong88,0
TruongThptLeHongPhong88,TruongThptLeHongPhong89,0
TruongThptLeHongPhong89,TruongThptLeHongPhong44,0
TruongThptLeHongPhong44,SieuThiMmMegaMarketCachMangThang8,1
TruongThptNguyenThiMinhKhai,TruongThptNguyenThiMinhKhai13,0
TruongThptNguyenThiMinhKhai13,TruongThptNguyenThiMinhKhai69,0
TruongThptNguyenThiMinhKhai69,TruongThptNguyenThiMinhKhai19,0
TruongThptNguyenThiMinhKhai19,TruongThptNguyenThiMinhKhai84,0
TruongThptNguyenThiMinhKhai84,TruongThptNguyenThiMinhKhai26,0
TruongThptBuiThiXuan,TruongThptBuiThiXuan35,0
TruongThptBuiThiXuan35,TruongThptBuiThiXuan77,0
TruongThptBuiThiXuan77,TruongThptBuiThiXuan34,0
TruongThptBuiThiXuan34,CuaHangFamilymartIenBienPhu,1
BenhVienAKhoaNguyenVanLinh38,CaPheTheCoffeeHouseNguyenVanLinh,0
CaPheTheCoffeeHouseNguyenVanLinh,SieuThiEmartNguyenVanLinh,0
SieuThiEmartNguyenVanLinh,CuaHangBachHoaXanhNguyenVanLinh,0
CuaHangBachHoaXanhNguyenVanLinh,CaPhePassioNguyenVanLinh,0
CaPhePassioNguyenVanLinh,NganHangBidvNguyenVanLinh50,0
NganHangBidvNguyenVanLinh50,CuaHangGs25NguyenVanLinh,0
CuaHangGs25NguyenVanLinh,NganHangMbbankNguyenVanLinh,0
NganHangMbbankNguyenVanLinh,SieuThiWinmartNguyenVanLinh,0
SieuThiWinmartNguyenVanLinh,NganHangSacombankNguyenVanLinh69,0
NganHangSacombankNguyenVanLinh69,CuaHangGs25NguyenVanLinh42,0
CuaHangGs25NguyenVanLinh42,CuaHang7elevenNguyenVanLinh,0
CuaHang7elevenNguyenVanLinh,SieuThiLotteMartNguyenVanLinh29,0
SieuThiLotteMartNguyenVanLinh29,SieuThiCoopmartNguyenVanLinh67,0
SieuThiCoopmartNguyenVanLinh67,CuaHangCircleKNguyenVanLinh,0
CuaHangCircleKNguyenVanLinh,CuaHangMinistopNguyenVanLinh,0
CuaHangMinistopNguyenVanLinh,NganHangTechcombankNguyenVanLinh,0
NganHangTechcombankNguyenVanLinh,NganHangBidvNguyenVanLinh,0
NganHangBidvNguyenVanLinh,NganHangSacombankNguyenVanLinh,0
NganHangSacombankNguyenVanLinh,CaPhePhucLongNguyenVanLinh,0
CaPhePhucLongNguyenVanLinh,CaPheTrungNguyenNguyenVanLinh97,0
BenhVienThamMyNguyenVanLinh,BenhVienAKhoaNguyenVanLinh38,0
BenhVienMatIenBienPhu,CuaHangFamilymartIenBienPhu,0
CuaHangFamilymartIenBienPhu,NganHangVietcombankIenBienPhu,0
NganHangVietcombankIenBienPhu,SieuThiMmMegaMarketIenBienPhu,0
SieuThiMmMegaMarketIenBienPhu,BenhVienNhaKhoaIenBienPhu,0
BenhVienNhaKhoaIenBienPhu,CuaHang7elevenIenBienPhu94,0
CuaHang7elevenIenBienPhu94,CaPhePassioIenBienPhu,0
CaPhePassioIenBienPhu,NganHangAcbIenBienPhu54,0
NganHangAcbIenBienPhu54,CuaHangBachHoaXanhIenBienPhu24,0
CuaHangBachHoaXanhIenBienPhu24,NganHangTechcombankIenBienPhu19,0
NganHangTechcombankIenBienPhu19,CuaHangGs25IenBienPhu,0
CuaHangGs25IenBienPhu,SieuThiWinmartIenBienPhu,0
SieuThiWinmartIenBienPhu,NganHangVietinbankIenBienPhu,0
NganHangVietinbankIenBienPhu,CaPhePhucLongIenBienPhu,0
CaPhePhucLongIenBienPhu,SieuThiLotteMartIenBienPhu,0
SieuThiLotteMartIenBienPhu,CaPheTrungNguyenIenBienPhu,0
CaPheTrungNguyenIenBienPhu,SieuThiWinmartIenBienPhu48,0
SieuThiWinmartIenBienPhu48,CuaHangCircleKIenBienPhu6,0
CuaHangCircleKIenBienPhu6,SieuThiGoIenBienPhu,0
SieuThiGoIenBienPhu,NganHangSacombankIenBienPhu,0
NganHangMbbankLeVanSy,NganHangAcbLeVanSy69,0
NganHangAcbLeVanSy69,SieuThiMmMegaMarketLeVanSy,0
SieuThiMmMegaMarketLeVanSy,BenhVienNhaKhoaLeVanSy,0
BenhVienNhaKhoaLeVanSy,CaPheHighlandsCoffeeLeVanSy43,0
CaPheHighlandsCoffeeLeVanSy43,SieuThiEmartLeVanSy,0
SieuThiEmartLeVanSy,CaPhePhucLongLeVanSy10,0
CaPhePhucLongLeVanSy10,CaPhePassioLeVanSy,0
CaPhePassioLeVanSy,CaPhePassioLeVanSy37,0
CaPhePassioLeVanSy37,BenhVienPhongKhamAKhoaLeVanSy,0
BenhVienPhongKhamAKhoaLeVanSy,CuaHangBachHoaXanhLeVanSy59,0
CuaHangBachHoaXanhLeVanSy59,BenhVienMatLeVanSy32,0
BenhVienMatLeVanSy32,NganHangTechcombankLeVanSy77,0
NganHangTechcombankLeVanSy77,BenhVienMatLeVanSy,0
BenhVienMatLeVanSy,CaPheKatinatLeVanSy41,0
CaPheKatinatLeVanSy41,CaPheTheCoffeeHouseLeVanSy,0
CaPheTheCoffeeHouseLeVanSy,CuaHang7elevenLeVanSy,0
CuaHang7elevenLeVanSy,SieuThiWinmartLeVanSy,0
SieuThiWinmartLeVanSy,CaPheHighlandsCoffeeLeVanSy58,0
CaPheHighlandsCoffeeLeVanSy58,CaPheKatinatLeVanSy,0
CaPheKatinatLeVanSy,BenhVienThamMyLeVanSy,0
CaPheHighlandsCoffeeLeVanSy67,CaPheHighlandsCoffeeLeVanSy43,0
